Bestellung,Datum,Zahlung,Captured at
de5666667273,17.70.2023(Error),"59,99 €",27.11.2023
de5740467962,07.77.2023(Error),"34,99 €",27.11.2023
de5740399581,07.77.2023(Error),"5,99 €",27.11.2023
de5740394771,07.77.2023(Error),"194,98 €",27.11.2023
de5740467962,07.77.2023(Error),"34,99 €",27.11.2023
de5740399581,07.77.2023(Error),"5,99 €",27.11.2023
de5740394771,07.77.2023(Error),"194,98 €",27.11.2023
de5740467962,07.77.2023(Error),"34,99 €",30.11.2023
de5740399581,07.77.2023(Error),"5,99 €",30.11.2023
de5740394771,07.77.2023(Error),"194,98 €",30.11.2023
de5740467962,07.77.2023(Error),"34,99 €",30.11.2023
de5740399581,07.77.2023(Error),"5,99 €",30.11.2023
de5740394771,07.77.2023(Error),"194,98 €",30.11.2023
de5814801551,25.11.23,"79,99 €",30.11.2023
de5814801551,25.11.23,"79,99 €",30.11.2023
de5814801551,25.11.23,"79,99 €",30.11.2023
de5740467962,07.77.2023,"34,99 €",30.11.2023
de5740399581,07.77.2023,"5,99 €",30.11.2023
de5740394771,07.77.2023,"194,98 €",30.11.2023
de5740467962,07.77.2023(Error),"34,99 €",1.12.2023
de5740399581,07.77.2023(Error),"5,99 €",1.12.2023
de5740394771,07.77.2023(Error),"194,98 €",1.12.2023
de5740399581,07.77.2023(Error),"5,99 €",1.12.2023
